epoch,train_loss,train_acc,val_loss,val_acc,dataset,method
1,0.3952038157935496,0.8543703703703703,0.26213339030742644,0.903,FashionMNIST,ga
2,0.2656229436993599,0.9019444444444444,0.2438345891535282,0.9093333333333333,FashionMNIST,ga
3,0.2303724111340664,0.9155740740740741,0.21256910010178884,0.9211666666666667,FashionMNIST,ga
4,0.20630473501152463,0.9239444444444445,0.2093980901390314,0.9216666666666666,FashionMNIST,ga
5,0.18915859435084792,0.9304074074074075,0.18999938958883286,0.9306666666666666,FashionMNIST,ga
6,0.17422209019517457,0.9358148148148148,0.18540710370739302,0.931,FashionMNIST,ga
7,0.16250491706613038,0.939962962962963,0.18553335105379423,0.9323333333333333,FashionMNIST,ga
8,0.15336405433107306,0.9424444444444444,0.18872978004813196,0.9336666666666666,FashionMNIST,ga
9,0.14137338860388154,0.9470925925925926,0.17870800681039692,0.9373333333333334,FashionMNIST,ga
10,0.1340219264701009,0.9497037037037037,0.18564991555859645,0.9378333333333333,FashionMNIST,ga
11,0.1240903733400283,0.9532592592592593,0.19070340893417598,0.9345,FashionMNIST,ga
12,0.11462458890276375,0.9562222222222222,0.19382445939599227,0.9335,FashionMNIST,ga
13,0.11334329782040031,0.9577962962962963,0.1976563187551995,0.9335,FashionMNIST,ga
14,0.10628448665535284,0.9602407407407407,0.18694042624160648,0.9366666666666666,FashionMNIST,ga
15,0.1007357716354783,0.9632222222222222,0.18625999214872718,0.9398333333333333,FashionMNIST,ga
16,0.09954905386041436,0.9620555555555556,0.19551272431916247,0.9345,FashionMNIST,ga
17,0.09090925634897279,0.9661296296296297,0.21078619833290577,0.9328333333333333,FashionMNIST,ga
18,0.08828087530340309,0.9672222222222222,0.20273655591656764,0.9366666666666666,FashionMNIST,ga
19,0.08473001156167852,0.9675555555555555,0.22287282968312502,0.9365,FashionMNIST,ga
20,0.08219414810124026,0.9699814814814814,0.20586371649677554,0.937,FashionMNIST,ga
1,0.4989580453766717,0.8181851851851852,0.3175073134303093,0.883,FashionMNIST,random_search
2,0.3262124592838464,0.8827962962962963,0.2616611956258615,0.9046666666666666,FashionMNIST,random_search
3,0.2890293013188574,0.8956111111111111,0.22746856274207433,0.9156666666666666,FashionMNIST,random_search
4,0.2612925158959848,0.9044629629629629,0.22170570622881253,0.916,FashionMNIST,random_search
5,0.24372375267412927,0.9123888888888889,0.19801426701247693,0.926,FashionMNIST,random_search
6,0.23229959192485722,0.9160185185185186,0.19126015775402386,0.9305,FashionMNIST,random_search
7,0.2200543665930077,0.9190555555555555,0.205373898314933,0.9273333333333333,FashionMNIST,random_search
8,0.20918349753706544,0.9246851851851852,0.1836145697683096,0.9326666666666666,FashionMNIST,random_search
9,0.1987622350200459,0.9274259259259259,0.17541355377684037,0.9363333333333334,FashionMNIST,random_search
10,0.19336378073223212,0.9300185185185185,0.17027055249611536,0.9388333333333333,FashionMNIST,random_search
11,0.1861664947003678,0.9314074074074075,0.18062645833939314,0.9366666666666666,FashionMNIST,random_search
12,0.18055817171434563,0.9341296296296296,0.16502757055995365,0.9416666666666667,FashionMNIST,random_search
13,0.17477752900565113,0.935,0.174107608863463,0.9366666666666666,FashionMNIST,random_search
14,0.16899318985641001,0.9374629629629629,0.17394560119758048,0.9378333333333333,FashionMNIST,random_search
15,0.16055041837857828,0.9413148148148148,0.16719505040968458,0.942,FashionMNIST,random_search
16,0.1556391355215951,0.9428148148148148,0.16585860258465013,0.9403333333333334,FashionMNIST,random_search
17,0.15250776934375365,0.9436851851851852,0.154450244758899,0.9446666666666667,FashionMNIST,random_search
18,0.14511304146630896,0.9469444444444445,0.16400854692732295,0.9411666666666667,FashionMNIST,random_search
19,0.14484553094180647,0.9473518518518519,0.16326347629353405,0.944,FashionMNIST,random_search
20,0.1410133940640975,0.948,0.16614456026007732,0.942,FashionMNIST,random_search
1,0.42388015389442446,0.843037037037037,0.2894698696732521,0.8928333333333334,FashionMNIST,aco
2,0.28841346848342153,0.8947407407407407,0.24853613380591075,0.9036666666666666,FashionMNIST,aco
3,0.2478063172046785,0.9103148148148148,0.2200183110932509,0.9165,FashionMNIST,aco
4,0.21950674628493963,0.9190925925925926,0.2019240525563558,0.925,FashionMNIST,aco
5,0.20482418505681885,0.9251111111111111,0.1981248632868131,0.9276666666666666,FashionMNIST,aco
6,0.18770554564327555,0.9309444444444445,0.1825916968608896,0.9348333333333333,FashionMNIST,aco
7,0.17544295616530708,0.9355555555555556,0.18110758090515933,0.9341666666666667,FashionMNIST,aco
8,0.16536670753718527,0.9394814814814815,0.1913248973588149,0.932,FashionMNIST,aco
9,0.1544133929789618,0.9421666666666667,0.17422292198613287,0.9383333333333334,FashionMNIST,aco
10,0.1433880132469866,0.9471296296296297,0.18247329862167438,0.9368333333333333,FashionMNIST,aco
11,0.13825945703657688,0.9477407407407408,0.1889197253957391,0.9323333333333333,FashionMNIST,aco
12,0.12863702519196604,0.9510555555555555,0.18656423268218836,0.939,FashionMNIST,aco
13,0.12346617639965067,0.9542037037037037,0.17623066636919976,0.9368333333333333,FashionMNIST,aco
14,0.11792854001414445,0.9556851851851852,0.17843417509396872,0.9408333333333333,FashionMNIST,aco
15,0.11348857901121179,0.9569814814814814,0.177445646956563,0.9386666666666666,FashionMNIST,aco
16,0.10770380551029962,0.9598888888888889,0.18070938150708873,0.9393333333333334,FashionMNIST,aco
17,0.10432788193667376,0.9611481481481482,0.1766292294807111,0.9425,FashionMNIST,aco
18,0.09886330877065107,0.9628703703703704,0.18881194090594847,0.939,FashionMNIST,aco
19,0.09490034972669349,0.9649074074074074,0.19664289409667254,0.9363333333333334,FashionMNIST,aco
20,0.09027856523764355,0.9664074074074074,0.20363849723820265,0.9396666666666667,FashionMNIST,aco
1,0.3641242560192391,0.8677407407407407,0.26357262285550437,0.907,FashionMNIST,harmony_search
2,0.2345038249713403,0.9141296296296296,0.2365975148677826,0.9163333333333333,FashionMNIST,harmony_search
3,0.19848639713393318,0.9274259259259259,0.21165823352336882,0.9238333333333333,FashionMNIST,harmony_search
4,0.175455969620634,0.9357592592592593,0.19776009905338288,0.9286666666666666,FashionMNIST,harmony_search
5,0.1544764466241554,0.9427777777777778,0.1797397272984187,0.935,FashionMNIST,harmony_search
6,0.13366235998162518,0.9500555555555555,0.1872119256456693,0.933,FashionMNIST,harmony_search
7,0.11963432745469942,0.9552037037037037,0.1856937438050906,0.9306666666666666,FashionMNIST,harmony_search
8,0.10235277139699017,0.9625555555555556,0.18241860604286195,0.9375,FashionMNIST,harmony_search
9,0.09226231487150545,0.9654259259259259,0.19466566610336303,0.9355,FashionMNIST,harmony_search
10,0.07900881286020632,0.9710925925925926,0.20289277333021163,0.9383333333333334,FashionMNIST,harmony_search
11,0.06885256330668926,0.9749629629629629,0.21499850473801296,0.933,FashionMNIST,harmony_search
12,0.05970530834076581,0.9775555555555555,0.2070979291498661,0.935,FashionMNIST,harmony_search
13,0.05020253303591852,0.9815,0.2196710976064205,0.936,FashionMNIST,harmony_search
14,0.04824376822842492,0.9825,0.2434401160478592,0.9338333333333333,FashionMNIST,harmony_search
15,0.04132451601492034,0.9849444444444444,0.24297604050238927,0.9355,FashionMNIST,harmony_search
16,0.034695930872457446,0.9869814814814815,0.2329722164273262,0.9388333333333333,FashionMNIST,harmony_search
17,0.03517624680565118,0.9873148148148149,0.2751145769953728,0.933,FashionMNIST,harmony_search
18,0.030564644143019837,0.9888703703703704,0.25794637444615365,0.9351666666666667,FashionMNIST,harmony_search
19,0.028206411503065652,0.9894259259259259,0.2820259792009989,0.9368333333333333,FashionMNIST,harmony_search
20,0.02682633083058452,0.9905925925925926,0.2990206995209058,0.9356666666666666,FashionMNIST,harmony_search
1,0.6318515034958169,0.7700925925925926,0.3428627862135569,0.8788333333333334,FashionMNIST,manual_search
2,0.36263309558232626,0.8666296296296296,0.30919701417287193,0.8873333333333333,FashionMNIST,manual_search
3,0.3062476047763118,0.8891111111111111,0.29010556038220725,0.8925,FashionMNIST,manual_search
4,0.277108069146121,0.8996111111111111,0.22948773634433747,0.9138333333333334,FashionMNIST,manual_search
5,0.2574706847579391,0.9065185185185185,0.23204385499159494,0.9175,FashionMNIST,manual_search
6,0.23932989158453766,0.912537037037037,0.20299523041645687,0.9256666666666666,FashionMNIST,manual_search
7,0.2284192977304812,0.9166481481481481,0.19674362003803253,0.9255,FashionMNIST,manual_search
8,0.22116184986962212,0.9202037037037037,0.19164029651880266,0.9298333333333333,FashionMNIST,manual_search
9,0.21098673526446024,0.9226851851851852,0.21495341221491496,0.9203333333333333,FashionMNIST,manual_search
10,0.20011741522947948,0.925962962962963,0.18494035518169402,0.9365,FashionMNIST,manual_search
11,0.19293981529165197,0.9296111111111112,0.1818417428533236,0.9328333333333333,FashionMNIST,manual_search
12,0.1879639526384848,0.9300925925925926,0.1820107649366061,0.9348333333333333,FashionMNIST,manual_search
13,0.18158441046432214,0.9336666666666666,0.1736121953924497,0.938,FashionMNIST,manual_search
14,0.17385158697101805,0.9362777777777778,0.16896040868759155,0.9385,FashionMNIST,manual_search
15,0.16847537851775135,0.9380740740740741,0.16482641234000525,0.9396666666666667,FashionMNIST,manual_search
16,0.165539051356139,0.9380740740740741,0.1660196313460668,0.9421666666666667,FashionMNIST,manual_search
17,0.15782821237157893,0.9412037037037037,0.16645884668827057,0.94,FashionMNIST,manual_search
18,0.15369169087763185,0.9437037037037037,0.16148951272169748,0.9436666666666667,FashionMNIST,manual_search
19,0.15118794050040069,0.9440555555555555,0.16350509212414424,0.9406666666666667,FashionMNIST,manual_search
20,0.14506604931531128,0.946925925925926,0.15346662346522014,0.9453333333333334,FashionMNIST,manual_search
1,1.1845868651072184,0.6707037037037037,0.48624239667256675,0.8216666666666667,FashionMNIST,pso
2,0.6342913658530623,0.7572222222222222,0.4281107071240743,0.8506666666666667,FashionMNIST,pso
3,0.5609857979703833,0.7884629629629629,0.3745865289370219,0.868,FashionMNIST,pso
4,0.48332216419997037,0.8217962962962962,0.32167517073949176,0.8826666666666667,FashionMNIST,pso
5,0.44297506065721864,0.8379629629629629,0.3098342601855596,0.8923333333333333,FashionMNIST,pso
6,0.41733388239366037,0.8503518518518518,0.295951057434082,0.8951666666666667,FashionMNIST,pso
7,0.4000017426720372,0.8541666666666666,0.2863868383963903,0.9005,FashionMNIST,pso
8,0.37908810944910404,0.8618888888888889,0.26799533327420555,0.9028333333333334,FashionMNIST,pso
9,0.3599344841550898,0.8682222222222222,0.28414441863695783,0.893,FashionMNIST,pso
10,0.3477771347628699,0.8710185185185185,0.2581458154519399,0.9016666666666666,FashionMNIST,pso
11,0.3394040271882658,0.8746111111111111,0.2540960661172867,0.9078333333333334,FashionMNIST,pso
12,0.3305511814223395,0.8794814814814815,0.24815986053148906,0.9088333333333334,FashionMNIST,pso
13,0.32157106162000587,0.8829259259259259,0.25440256679058076,0.907,FashionMNIST,pso
14,0.31879191690904124,0.8835555555555555,0.25150442103544873,0.9106666666666666,FashionMNIST,pso
15,0.31181216525148464,0.885537037037037,0.2440899117787679,0.9133333333333333,FashionMNIST,pso
16,0.3012385912736257,0.888962962962963,0.23362525165081025,0.915,FashionMNIST,pso
17,0.30002345171681155,0.8917962962962963,0.24802085884412128,0.9113333333333333,FashionMNIST,pso
18,0.2872788811524709,0.8942407407407408,0.23740202943483987,0.918,FashionMNIST,pso
19,0.29353061052604956,0.8916296296296297,0.22902165480454761,0.911,FashionMNIST,pso
20,0.28811218160170093,0.8956481481481482,0.22960215135415396,0.9158333333333334,FashionMNIST,pso
1,1.3175650780359904,0.5190666666666667,1.1199378084182738,0.598,CIFAR10,harmony_search
2,0.913553688706292,0.6788444444444445,0.8710385231018066,0.6834,CIFAR10,harmony_search
3,0.7709636157353719,0.7310444444444445,0.6892389260292053,0.758,CIFAR10,harmony_search
4,0.6831150287946065,0.7622444444444444,0.7679437404632569,0.7288,CIFAR10,harmony_search
5,0.6181463210317824,0.7854444444444444,0.6038962273597718,0.79,CIFAR10,harmony_search
6,0.5710448697037167,0.8022666666666667,0.6211595059871674,0.7926,CIFAR10,harmony_search
7,0.5269214293479919,0.8183333333333334,0.6136602637052536,0.7934,CIFAR10,harmony_search
8,0.4923472912046644,0.8286666666666667,0.5232281006574631,0.8124,CIFAR10,harmony_search
9,0.46467625830968223,0.8391777777777778,0.5100158308923245,0.8266,CIFAR10,harmony_search
10,0.4334858413060506,0.8479333333333333,0.503731761264801,0.8256,CIFAR10,harmony_search
11,0.4078592618332969,0.8574,0.5266901702404022,0.819,CIFAR10,harmony_search
12,0.3888061708211899,0.8634222222222222,0.5149935114145279,0.8196,CIFAR10,harmony_search
13,0.3725859718799591,0.8696444444444444,0.5070713289618493,0.8264,CIFAR10,harmony_search
14,0.3564238921854231,0.8744444444444445,0.5195374990224838,0.8232,CIFAR10,harmony_search
15,0.33898913562827643,0.881,0.5051550898432732,0.8326,CIFAR10,harmony_search
16,0.32469784674512014,0.8850444444444444,0.4961207731962204,0.8344,CIFAR10,harmony_search
17,0.31529627237584856,0.8888666666666667,0.4773302456021309,0.8438,CIFAR10,harmony_search
18,0.30056346344417995,0.8939777777777778,0.5146442806839943,0.8356,CIFAR10,harmony_search
19,0.29298981795046064,0.8975777777777778,0.5253975297927856,0.832,CIFAR10,harmony_search
20,0.2795508906258477,0.9022666666666667,0.5221909325242042,0.8328,CIFAR10,harmony_search
1,1.3748592855877346,0.5009555555555556,1.0834879714012147,0.614,CIFAR10,ga
2,0.9074364280276829,0.6807333333333333,0.8904736846446991,0.6776,CIFAR10,ga
3,0.7452866338888804,0.7391111111111112,0.714330667591095,0.7492,CIFAR10,ga
4,0.6451949681282043,0.7760666666666667,0.7136703633785247,0.7642,CIFAR10,ga
5,0.5727801277690464,0.803,0.5541394660949707,0.8032,CIFAR10,ga
6,0.5152503787252638,0.8222888888888888,0.5315481216430664,0.8122,CIFAR10,ga
7,0.46668259571393333,0.8394444444444444,0.5049854130983352,0.823,CIFAR10,ga
8,0.4237519725375705,0.8536222222222222,0.5503055249929428,0.8158,CIFAR10,ga
9,0.3916743236753676,0.8643111111111111,0.47396100509166716,0.833,CIFAR10,ga
10,0.36010586194992067,0.8739777777777777,0.5484699542462825,0.8224,CIFAR10,ga
11,0.3293259781519572,0.8870666666666667,0.4706825118303299,0.8434,CIFAR10,ga
12,0.3040748447418213,0.8939333333333334,0.44811957923173906,0.8516,CIFAR10,ga
13,0.2811970723787944,0.9018666666666667,0.45476277804374693,0.8546,CIFAR10,ga
14,0.2599098097483317,0.9101333333333333,0.5180745682924985,0.8348,CIFAR10,ga
15,0.24197578485806784,0.9153333333333333,0.5742188613891601,0.8248,CIFAR10,ga
16,0.22551186365551418,0.9224444444444444,0.46183932130336763,0.8528,CIFAR10,ga
17,0.20917069990370007,0.9259333333333334,0.5074815940618514,0.8408,CIFAR10,ga
18,0.19799932078388002,0.9300444444444445,0.48961278426647187,0.8488,CIFAR10,ga
19,0.1858546809726291,0.9354888888888889,0.48609526584148405,0.8524,CIFAR10,ga
20,0.17246636476516725,0.9404444444444444,0.5079245759546757,0.851,CIFAR10,ga
1,1.478838633855184,0.4570222222222222,1.1160300253868103,0.5958,CIFAR10,random_search
2,1.1066686555014715,0.6064222222222222,0.8986283748626709,0.6774,CIFAR10,random_search
3,0.951098961660597,0.6672,0.813060280418396,0.7152,CIFAR10,random_search
4,0.858095092731052,0.7042888888888889,0.6815573309898376,0.7568,CIFAR10,random_search
5,0.7836528991911146,0.7298,0.6480548212289811,0.7796,CIFAR10,random_search
6,0.7403929273181491,0.7452222222222222,0.6141804904937744,0.786,CIFAR10,random_search
7,0.6961341399616665,0.7628888888888888,0.6877441965579987,0.7702,CIFAR10,random_search
8,0.6594401690800985,0.7764666666666666,0.5399195095419884,0.8144,CIFAR10,random_search
9,0.623619890499115,0.7894,0.557057768702507,0.805,CIFAR10,random_search
10,0.5913134792645772,0.7996666666666666,0.5392928631305695,0.8168,CIFAR10,random_search
11,0.5683285723394818,0.8083777777777778,0.4968333611011505,0.8314,CIFAR10,random_search
12,0.54821206246482,0.8133777777777778,0.5134985126018524,0.824,CIFAR10,random_search
13,0.5190031190660265,0.8222666666666667,0.5202350891530514,0.8256,CIFAR10,random_search
14,0.4977480628649394,0.8314888888888889,0.4793625547170639,0.8358,CIFAR10,random_search
15,0.4830128946304321,0.8355333333333334,0.44930962744951247,0.8456,CIFAR10,random_search
16,0.4618574816385905,0.8428888888888889,0.4321068774521351,0.8576,CIFAR10,random_search
17,0.4487592394007577,0.8484888888888888,0.447366327214241,0.8512,CIFAR10,random_search
18,0.4324188675509559,0.8496888888888889,0.420596510386467,0.861,CIFAR10,random_search
19,0.4215988996611701,0.8583111111111111,0.48292264788150785,0.8386,CIFAR10,random_search
20,0.402917977643013,0.8629555555555556,0.43778953042328356,0.8524,CIFAR10,random_search
1,1.6358735945807563,0.3839111111111111,1.2652833644866943,0.526,CIFAR10,aco
2,1.2151776631461249,0.5641777777777778,0.9375758865356445,0.6592,CIFAR10,aco
3,1.016969079685211,0.6446666666666667,0.8721357487678528,0.694,CIFAR10,aco
4,0.8939845116721259,0.6914444444444444,0.7933357051372528,0.7218,CIFAR10,aco
5,0.8021617267078823,0.7297333333333333,0.7077678363323212,0.7584,CIFAR10,aco
6,0.7258086289776696,0.7550222222222223,0.7132687093257905,0.7552,CIFAR10,aco
7,0.6679116327921549,0.7753111111111111,0.6101120060920715,0.7934,CIFAR10,aco
8,0.6116191282060411,0.795,0.5364075514316559,0.8102,CIFAR10,aco
9,0.5646896183013916,0.8129333333333333,0.5334581138372422,0.817,CIFAR10,aco
10,0.5227669582472907,0.8236222222222223,0.509158067035675,0.8234,CIFAR10,aco
11,0.48316953350702924,0.8386,0.5141988200426102,0.8288,CIFAR10,aco
12,0.45258355802694955,0.8463111111111111,0.5024659351706505,0.8306,CIFAR10,aco
13,0.4208464704487059,0.8594444444444445,0.530322700291872,0.8308,CIFAR10,aco
14,0.397775474802653,0.8657333333333334,0.4918960530817509,0.8394,CIFAR10,aco
15,0.37622965784072876,0.8716444444444444,0.49673276220560075,0.8398,CIFAR10,aco
16,0.35193822322421603,0.8792,0.497605823802948,0.8462,CIFAR10,aco
17,0.33073091903328894,0.8878222222222222,0.5350808703422546,0.837,CIFAR10,aco
18,0.3182883980115255,0.8929777777777778,0.4797788395166397,0.8516,CIFAR10,aco
19,0.30186056133641137,0.8975333333333333,0.4920397973895073,0.8524,CIFAR10,aco
20,0.28666629200114147,0.9028888888888889,0.4890260677754879,0.8528,CIFAR10,aco
1,2.4429315864986845,0.14995555555555556,2.0612788150787353,0.1938,CIFAR10,pso
2,2.013316301833259,0.20546666666666666,1.8136578788757325,0.2982,CIFAR10,pso
3,1.7659889323340523,0.3214444444444444,1.5490684762954712,0.4396,CIFAR10,pso
4,1.562357218805949,0.41988888888888887,1.305693632888794,0.5414,CIFAR10,pso
5,1.4108916236665514,0.4834888888888889,1.1532059215545654,0.5864,CIFAR10,pso
6,1.2954324005126954,0.5302888888888889,1.120743419456482,0.6006,CIFAR10,pso
7,1.2114334275775485,0.5632888888888888,1.043954581642151,0.6182,CIFAR10,pso
8,1.1470618524975247,0.5890444444444445,0.9325317427635192,0.6676,CIFAR10,pso
9,1.1040571342468262,0.6062888888888889,1.0347087493896485,0.6248,CIFAR10,pso
10,1.0575014882829454,0.6250888888888889,0.930968106842041,0.6668,CIFAR10,pso
11,1.0307962161488002,0.6374888888888889,0.9200226732254029,0.6692,CIFAR10,pso
12,1.0027737196180555,0.6460222222222223,0.8923216269493103,0.6892,CIFAR10,pso
13,0.9678976168844435,0.6601333333333333,0.8486455587387085,0.7034,CIFAR10,pso
14,0.9485152670542399,0.6676222222222222,0.9046934032440186,0.681,CIFAR10,pso
15,0.9305813720809089,0.6747555555555556,0.7980656841278077,0.7164,CIFAR10,pso
16,0.9143954557312859,0.6811111111111111,0.8108877464294434,0.7202,CIFAR10,pso
17,0.9005961306465997,0.6851111111111111,0.812396193265915,0.7216,CIFAR10,pso
18,0.8890564308908251,0.6907555555555556,0.7497240091323852,0.7414,CIFAR10,pso
19,0.8675161615795559,0.7027111111111111,0.7746960397720337,0.7372,CIFAR10,pso
20,0.8563989893171522,0.7033555555555555,0.760523599243164,0.7354,CIFAR10,pso
1,1.590515791575114,0.41417777777777776,1.4172492294311523,0.4936,CIFAR10,manual_search
2,1.1588631575690376,0.5831111111111111,1.0377138401031494,0.6292,CIFAR10,manual_search
3,0.9633253332773845,0.6620444444444444,0.9023372980117798,0.6794,CIFAR10,manual_search
4,0.8518313769552442,0.7015777777777777,0.9152677257537842,0.6824,CIFAR10,manual_search
5,0.778970897102356,0.7298222222222223,0.7358824062347412,0.7372,CIFAR10,manual_search
6,0.7186995442390441,0.7489777777777777,0.6328886229515076,0.7714,CIFAR10,manual_search
7,0.6761731321122911,0.7654444444444445,0.5804309910774231,0.7942,CIFAR10,manual_search
8,0.6344719408830007,0.7795111111111112,0.6013793486595154,0.7892,CIFAR10,manual_search
9,0.6028920189327663,0.7919333333333334,0.5764018895149231,0.794,CIFAR10,manual_search
10,0.5766607368469239,0.8002444444444444,0.5707193600654602,0.798,CIFAR10,manual_search
11,0.5491686479409535,0.8093111111111111,0.5581529561042786,0.8068,CIFAR10,manual_search
12,0.5245184247440762,0.8192888888888888,0.49291139793395994,0.8246,CIFAR10,manual_search
13,0.5000862167464363,0.8262888888888889,0.5364637300491333,0.8146,CIFAR10,manual_search
14,0.48009414120250277,0.8333111111111111,0.4873299132823944,0.8266,CIFAR10,manual_search
15,0.46458226565784877,0.8392444444444445,0.4522346115231514,0.8388,CIFAR10,manual_search
16,0.4469035597589281,0.8460888888888889,0.45595489106178283,0.8398,CIFAR10,manual_search
17,0.4255953689999051,0.8528666666666667,0.4429272080898285,0.8474,CIFAR10,manual_search
18,0.41623600397109983,0.8559777777777777,0.5184719187259674,0.8248,CIFAR10,manual_search
19,0.3994537979761759,0.8604888888888889,0.42469177379608153,0.8514,CIFAR10,manual_search
20,0.3885889711274041,0.8661333333333333,0.43394769649505616,0.8452,CIFAR10,manual_search
1,3.956612964969211,0.09033333333333333,3.379533909988403,0.1818,CIFAR100,ga
2,3.186297709825304,0.20895555555555556,2.833478838348389,0.2806,CIFAR100,ga
3,2.7373503506554497,0.2929111111111111,2.5344538570404054,0.342,CIFAR100,ga
4,2.462807389492459,0.3491111111111111,2.3349820386886595,0.3866,CIFAR100,ga
5,2.271906962543064,0.39111111111111113,2.1507499479293823,0.4276,CIFAR100,ga
6,2.1079438754611544,0.42862222222222224,2.1008613540649415,0.441,CIFAR100,ga
7,1.9879391579098171,0.45864444444444447,1.943110239982605,0.4728,CIFAR100,ga
8,1.878012235683865,0.48117777777777776,1.932604528236389,0.4756,CIFAR100,ga
9,1.7974245252821182,0.5010444444444444,1.8746660877227783,0.493,CIFAR100,ga
10,1.7195136132134332,0.5181777777777777,1.9152227355957032,0.4812,CIFAR100,ga
11,1.6574392044067383,0.5342666666666667,1.8925065382003785,0.4834,CIFAR100,ga
12,1.5866203145768907,0.55,1.734228125667572,0.5264,CIFAR100,ga
13,1.5319834605958726,0.5594888888888889,1.7887456356048583,0.5142,CIFAR100,ga
14,1.4735631793763901,0.5753333333333334,1.7102024221420289,0.5314,CIFAR100,ga
15,1.4332415638393825,0.5853555555555555,1.698559865474701,0.538,CIFAR100,ga
16,1.3859024558809068,0.5970666666666666,1.7753138900756835,0.5244,CIFAR100,ga
17,1.3398042561637031,0.6089333333333333,1.673468702507019,0.5448,CIFAR100,ga
18,1.3034252408345541,0.6178666666666667,1.6583727128982544,0.5522,CIFAR100,ga
19,1.2658609152264064,0.6257111111111111,1.6531247443199157,0.5578,CIFAR100,ga
20,1.2216807775497436,0.6383111111111112,1.6502814838409423,0.5508,CIFAR100,ga
1,4.345174573347304,0.044755555555555555,3.93353385925293,0.0784,CIFAR100,random_search
2,3.9466969743940563,0.0806,3.723810329437256,0.1176,CIFAR100,random_search
3,3.710726412540012,0.11777777777777777,3.552012329864502,0.1576,CIFAR100,random_search
4,3.470745620473226,0.15586666666666665,3.240782657623291,0.2112,CIFAR100,random_search
5,3.2730860779656306,0.19042222222222221,3.070489834213257,0.2296,CIFAR100,random_search
6,3.0519959686279297,0.22977777777777778,3.008888415527344,0.242,CIFAR100,random_search
7,2.87466534898546,0.26495555555555556,2.697067472076416,0.2994,CIFAR100,random_search
8,2.7258343761020236,0.2886222222222222,2.6752158851623533,0.3122,CIFAR100,random_search
9,2.5807987672170003,0.3169777777777778,2.5900264461517333,0.3232,CIFAR100,random_search
10,2.443094097900391,0.3419333333333333,2.5130454383850096,0.3472,CIFAR100,random_search
11,2.324358922704061,0.36575555555555556,2.4831296440124513,0.3674,CIFAR100,random_search
12,2.2128833335028752,0.38968888888888886,2.4862564029693606,0.3568,CIFAR100,random_search
13,2.100280049112108,0.4126666666666667,2.478130237197876,0.3734,CIFAR100,random_search
14,2.0003461298200818,0.43404444444444445,2.526555005836487,0.368,CIFAR100,random_search
15,1.911963801405165,0.4518,2.495607082748413,0.3762,CIFAR100,random_search
16,1.8292273104349772,0.4706888888888889,2.5531699308395384,0.3788,CIFAR100,random_search
17,1.7404469575246175,0.4935777777777778,2.495065511894226,0.3974,CIFAR100,random_search
18,1.6629472894032795,0.5080444444444444,2.582803620147705,0.3828,CIFAR100,random_search
19,1.5989360540601942,0.5263555555555556,2.6093469570159913,0.386,CIFAR100,random_search
20,1.521613328382704,0.5454666666666667,2.6595496963500977,0.3888,CIFAR100,random_search
1,3.5371230762905546,0.16975555555555555,2.9601178764343263,0.2748,CIFAR100,aco
2,2.634346550242106,0.33568888888888887,2.5306886169433596,0.3522,CIFAR100,aco
3,2.245189730114407,0.41606666666666664,2.2885268432617187,0.3952,CIFAR100,aco
4,2.005584252527025,0.47255555555555556,2.1283724658966063,0.4382,CIFAR100,aco
5,1.8213127694235907,0.5148888888888888,2.12130036315918,0.446,CIFAR100,aco
6,1.6593588205125598,0.5541777777777778,2.022739751815796,0.4682,CIFAR100,aco
7,1.5245059101952447,0.5856444444444444,1.9928131357192993,0.4718,CIFAR100,aco
8,1.4009376130421956,0.6168666666666667,1.9714905385971069,0.4866,CIFAR100,aco
9,1.2823304748959012,0.6485777777777778,1.9568081729888915,0.4856,CIFAR100,aco
10,1.1698832989374797,0.6789333333333334,2.0483104042053224,0.4704,CIFAR100,aco
11,1.0654894654379952,0.7064888888888889,1.9934440641403197,0.481,CIFAR100,aco
12,0.9657553811497158,0.7325333333333334,1.9809414207458496,0.489,CIFAR100,aco
13,0.8678002596431308,0.7612666666666666,1.9688195793151855,0.4962,CIFAR100,aco
14,0.7750221696853637,0.7876222222222222,2.144332104873657,0.4828,CIFAR100,aco
15,0.6879253972795275,0.8113777777777778,2.1390841567993166,0.4814,CIFAR100,aco
16,0.6023871891445584,0.8385777777777778,2.062370434951782,0.5018,CIFAR100,aco
17,0.5226527953359816,0.8625111111111111,2.11959211063385,0.4984,CIFAR100,aco
18,0.4566288412888845,0.8816888888888889,2.2267246450424194,0.4928,CIFAR100,aco
19,0.3869665785047743,0.9038666666666667,2.3381708797454834,0.4806,CIFAR100,aco
20,0.33130606249173483,0.9199111111111111,2.308774142074585,0.4914,CIFAR100,aco
1,3.546857432217068,0.17466666666666666,2.92951884765625,0.2756,CIFAR100,pso
2,2.6712887832641603,0.33053333333333335,2.4996472511291503,0.3638,CIFAR100,pso
3,2.2921420599619546,0.4119777777777778,2.333077512741089,0.4014,CIFAR100,pso
4,2.04728861357371,0.46704444444444443,2.204256731414795,0.425,CIFAR100,pso
5,1.8641829514397514,0.5099111111111111,2.1712798875808716,0.4338,CIFAR100,pso
6,1.710375861401028,0.5470222222222222,2.12601887550354,0.4486,CIFAR100,pso
7,1.5661876144833036,0.5789111111111112,2.03861213722229,0.4674,CIFAR100,pso
8,1.4387870925479465,0.6135333333333334,2.0602297164916994,0.4652,CIFAR100,pso
9,1.3236705074946085,0.6450666666666667,2.088200687408447,0.4654,CIFAR100,pso
10,1.208959948348999,0.6734888888888889,2.037937104797363,0.4698,CIFAR100,pso
11,1.1025690256754557,0.7020888888888889,2.050378631401062,0.4726,CIFAR100,pso
12,1.0009163557688394,0.7303555555555555,2.0428421251296998,0.4816,CIFAR100,pso
13,0.8997949823167589,0.7592222222222222,2.121128562164307,0.4706,CIFAR100,pso
14,0.804804500749376,0.7860222222222222,2.161788745880127,0.471,CIFAR100,pso
15,0.7175532263861762,0.8106888888888889,2.154179130554199,0.4792,CIFAR100,pso
16,0.6344355469279819,0.8367111111111111,2.206473719787598,0.479,CIFAR100,pso
17,0.5552834194713169,0.8595555555555555,2.298628014755249,0.467,CIFAR100,pso
18,0.4874059405856662,0.8794666666666666,2.3301147483825684,0.4642,CIFAR100,pso
19,0.4196789672109816,0.8976888888888889,2.4031660903930665,0.459,CIFAR100,pso
20,0.36550937576029036,0.9138666666666667,2.4337990882873535,0.472,CIFAR100,pso
1,3.918004671817356,0.10397777777777778,3.478656983947754,0.1806,CIFAR100,harmony_search
2,3.1788765752156576,0.22097777777777777,2.917674587249756,0.2716,CIFAR100,harmony_search
3,2.774314743126763,0.29433333333333334,2.7531065982818603,0.3,CIFAR100,harmony_search
4,2.526201514922248,0.34397777777777777,2.3864143615722657,0.3792,CIFAR100,harmony_search
5,2.344393357594808,0.38237777777777776,2.2845819345474245,0.4042,CIFAR100,harmony_search
6,2.2004902239481607,0.4137777777777778,2.226807976150513,0.4084,CIFAR100,harmony_search
7,2.0811218834347196,0.44137777777777776,2.1803357444763183,0.4294,CIFAR100,harmony_search
8,1.9754749473571778,0.46471111111111113,2.0086299980163576,0.4586,CIFAR100,harmony_search
9,1.889719398880005,0.48317777777777776,1.9817573457717896,0.4588,CIFAR100,harmony_search
10,1.808715256796943,0.5021111111111111,1.9481807693481445,0.4674,CIFAR100,harmony_search
11,1.7353815702650282,0.5180444444444444,2.007016259384155,0.4686,CIFAR100,harmony_search
12,1.6679025093926323,0.5351333333333333,1.9043682321548463,0.4886,CIFAR100,harmony_search
13,1.6107349396599664,0.5475555555555556,1.8536915981292725,0.494,CIFAR100,harmony_search
14,1.5502684645758735,0.5622444444444444,1.929210657310486,0.4848,CIFAR100,harmony_search
15,1.4960431826273601,0.5745555555555556,1.8552065399169921,0.4968,CIFAR100,harmony_search
16,1.438968638949924,0.5876888888888889,1.9427822501182557,0.4826,CIFAR100,harmony_search
17,1.3847242247263591,0.6027555555555556,1.8751613719940186,0.5034,CIFAR100,harmony_search
18,1.3513069598515828,0.6087555555555556,1.935985018157959,0.4934,CIFAR100,harmony_search
19,1.3019906951904296,0.6216,1.8275975269317628,0.5102,CIFAR100,harmony_search
20,1.2485750036027696,0.6328666666666667,1.862850244140625,0.5034,CIFAR100,harmony_search
1,3.9968148680792916,0.09013333333333333,3.4382491775512696,0.1756,CIFAR100,manual_search
2,3.366825208791097,0.1812,3.0133069358825684,0.2542,CIFAR100,manual_search
3,3.055193398751153,0.23924444444444445,2.687980944824219,0.3216,CIFAR100,manual_search
4,2.8514704315185546,0.27497777777777777,2.5170227462768553,0.3492,CIFAR100,manual_search
5,2.7018059818691675,0.3050222222222222,2.6586776245117187,0.3284,CIFAR100,manual_search
6,2.59567703505622,0.327,2.4333391744613646,0.3536,CIFAR100,manual_search
7,2.524060583835178,0.34184444444444445,2.3034209976196287,0.3924,CIFAR100,manual_search
8,2.4545085139804415,0.3554222222222222,2.301537682723999,0.3938,CIFAR100,manual_search
9,2.4026896109686957,0.366,2.209708685493469,0.4206,CIFAR100,manual_search
10,2.3503053946177164,0.37566666666666665,2.1623623527526856,0.4288,CIFAR100,manual_search
11,2.302260538482666,0.3866222222222222,2.21515366897583,0.4154,CIFAR100,manual_search
12,2.264586624018351,0.3929111111111111,2.092729443359375,0.442,CIFAR100,manual_search
13,2.241692622333103,0.39842222222222223,2.107871724128723,0.4392,CIFAR100,manual_search
14,2.204323911836412,0.4076,2.0860700889587402,0.4458,CIFAR100,manual_search
15,2.172312213304308,0.41104444444444443,2.0557410829544067,0.459,CIFAR100,manual_search
16,2.159156966061062,0.41606666666666664,2.03707751789093,0.454,CIFAR100,manual_search
17,2.12576199798584,0.42393333333333333,2.012296125602722,0.4544,CIFAR100,manual_search
18,2.108123776626587,0.4273777777777778,2.0098858995437623,0.4612,CIFAR100,manual_search
19,2.08198842286004,0.43224444444444443,1.9868824180603026,0.4722,CIFAR100,manual_search
20,2.059622015889486,0.43646666666666667,1.9796884798049927,0.4726,CIFAR100,manual_search
